<?xml version="1.0" encoding="UTF-8"?>
<root>
  <item name="com.instabug.library.core.plugin.Plugin int getState()">
    <annotation name="androidx.annotation.IntDef">
      <val name="value" val="{com.instabug.library.core.plugin.Plugin.STATE_FOREGROUND, com.instabug.library.core.plugin.Plugin.STATE_BACKGROUND, com.instabug.library.core.plugin.Plugin.STATE_PROCESSING_ATTACHMENT}" />
    </annotation>
  </item>
  <item name="com.instabug.library.core.plugin.Plugin state">
    <annotation name="androidx.annotation.IntDef">
      <val name="value" val="{com.instabug.library.core.plugin.Plugin.STATE_FOREGROUND, com.instabug.library.core.plugin.Plugin.STATE_BACKGROUND, com.instabug.library.core.plugin.Plugin.STATE_PROCESSING_ATTACHMENT}" />
    </annotation>
  </item>
  <item name="com.instabug.library.core.plugin.Plugin void setState(int) 0">
    <annotation name="androidx.annotation.IntDef">
      <val name="value" val="{com.instabug.library.core.plugin.Plugin.STATE_FOREGROUND, com.instabug.library.core.plugin.Plugin.STATE_BACKGROUND, com.instabug.library.core.plugin.Plugin.STATE_PROCESSING_ATTACHMENT}" />
    </annotation>
  </item>
  <item name="com.instabug.library.core.plugin.Plugin.PluginState">
    <annotation name="androidx.annotation.IntDef">
      <val name="value" val="{com.instabug.library.core.plugin.Plugin.STATE_FOREGROUND, com.instabug.library.core.plugin.Plugin.STATE_BACKGROUND, com.instabug.library.core.plugin.Plugin.STATE_PROCESSING_ATTACHMENT}" />
    </annotation>
  </item>
  <item name="com.instabug.library.core.plugin.PluginPromptOption int getInvocationMode()">
    <annotation name="androidx.annotation.IntDef">
      <val name="value" val="{com.instabug.library.invocation.InvocationMode.PROMPT_OPTIONS, com.instabug.library.invocation.InvocationMode.NEW_BUG, com.instabug.library.invocation.InvocationMode.NEW_FEEDBACK, com.instabug.library.invocation.InvocationMode.ASK_QUESTION, com.instabug.library.invocation.InvocationMode.CHATS, com.instabug.library.invocation.InvocationMode.FEATURE_REQUESTS, com.instabug.library.invocation.InvocationMode.UNDEFINED}" />
    </annotation>
  </item>
  <item name="com.instabug.library.core.plugin.PluginPromptOption int getPromptOptionIdentifier()">
    <annotation name="androidx.annotation.IntDef">
      <val name="value" val="{com.instabug.library.core.plugin.PluginPromptOption.PromptOptionIdentifier.BUG_REPORT, com.instabug.library.core.plugin.PluginPromptOption.PromptOptionIdentifier.FEEDBACK, com.instabug.library.core.plugin.PluginPromptOption.PromptOptionIdentifier.CHAT_LIST, com.instabug.library.core.plugin.PluginPromptOption.PromptOptionIdentifier.ASK_QUESTION, com.instabug.library.core.plugin.PluginPromptOption.PromptOptionIdentifier.FEATURE_REQUEST}" />
    </annotation>
  </item>
  <item name="com.instabug.library.core.plugin.PluginPromptOption invocationMode">
    <annotation name="androidx.annotation.IntDef">
      <val name="value" val="{com.instabug.library.invocation.InvocationMode.PROMPT_OPTIONS, com.instabug.library.invocation.InvocationMode.NEW_BUG, com.instabug.library.invocation.InvocationMode.NEW_FEEDBACK, com.instabug.library.invocation.InvocationMode.ASK_QUESTION, com.instabug.library.invocation.InvocationMode.CHATS, com.instabug.library.invocation.InvocationMode.FEATURE_REQUESTS, com.instabug.library.invocation.InvocationMode.UNDEFINED}" />
    </annotation>
  </item>
  <item name="com.instabug.library.core.plugin.PluginPromptOption promptOptionIdentifier">
    <annotation name="androidx.annotation.IntDef">
      <val name="value" val="{com.instabug.library.core.plugin.PluginPromptOption.PromptOptionIdentifier.BUG_REPORT, com.instabug.library.core.plugin.PluginPromptOption.PromptOptionIdentifier.FEEDBACK, com.instabug.library.core.plugin.PluginPromptOption.PromptOptionIdentifier.CHAT_LIST, com.instabug.library.core.plugin.PluginPromptOption.PromptOptionIdentifier.ASK_QUESTION, com.instabug.library.core.plugin.PluginPromptOption.PromptOptionIdentifier.FEATURE_REQUEST}" />
    </annotation>
  </item>
  <item name="com.instabug.library.core.plugin.PluginPromptOption void setInvocationMode(int) 0">
    <annotation name="androidx.annotation.IntDef">
      <val name="value" val="{com.instabug.library.invocation.InvocationMode.PROMPT_OPTIONS, com.instabug.library.invocation.InvocationMode.NEW_BUG, com.instabug.library.invocation.InvocationMode.NEW_FEEDBACK, com.instabug.library.invocation.InvocationMode.ASK_QUESTION, com.instabug.library.invocation.InvocationMode.CHATS, com.instabug.library.invocation.InvocationMode.FEATURE_REQUESTS, com.instabug.library.invocation.InvocationMode.UNDEFINED}" />
    </annotation>
  </item>
  <item name="com.instabug.library.core.plugin.PluginPromptOption void setPromptOptionIdentifier(int) 0">
    <annotation name="androidx.annotation.IntDef">
      <val name="value" val="{com.instabug.library.core.plugin.PluginPromptOption.PromptOptionIdentifier.BUG_REPORT, com.instabug.library.core.plugin.PluginPromptOption.PromptOptionIdentifier.FEEDBACK, com.instabug.library.core.plugin.PluginPromptOption.PromptOptionIdentifier.CHAT_LIST, com.instabug.library.core.plugin.PluginPromptOption.PromptOptionIdentifier.ASK_QUESTION, com.instabug.library.core.plugin.PluginPromptOption.PromptOptionIdentifier.FEATURE_REQUEST}" />
    </annotation>
  </item>
  <item name="com.instabug.library.core.plugin.PluginPromptOption.PromptOptionIdentifier">
    <annotation name="androidx.annotation.IntDef">
      <val name="value" val="{com.instabug.library.core.plugin.PluginPromptOption.PromptOptionIdentifier.BUG_REPORT, com.instabug.library.core.plugin.PluginPromptOption.PromptOptionIdentifier.FEEDBACK, com.instabug.library.core.plugin.PluginPromptOption.PromptOptionIdentifier.CHAT_LIST, com.instabug.library.core.plugin.PluginPromptOption.PromptOptionIdentifier.ASK_QUESTION, com.instabug.library.core.plugin.PluginPromptOption.PromptOptionIdentifier.FEATURE_REQUEST}" />
    </annotation>
  </item>
  <item name="com.instabug.library.core.plugin.PromptOptionManager com.instabug.library.core.plugin.PluginPromptOption getPluginByIdentifier(int, boolean) 0">
    <annotation name="androidx.annotation.IntDef">
      <val name="value" val="{com.instabug.library.core.plugin.PluginPromptOption.PromptOptionIdentifier.BUG_REPORT, com.instabug.library.core.plugin.PluginPromptOption.PromptOptionIdentifier.FEEDBACK, com.instabug.library.core.plugin.PluginPromptOption.PromptOptionIdentifier.CHAT_LIST, com.instabug.library.core.plugin.PluginPromptOption.PromptOptionIdentifier.ASK_QUESTION, com.instabug.library.core.plugin.PluginPromptOption.PromptOptionIdentifier.FEATURE_REQUEST}" />
    </annotation>
  </item>
</root>

