<?xml version="1.0" encoding="UTF-8"?>
<root>
  <item name="com.instabug.chat.model.Attachment com.instabug.chat.model.Attachment setState(java.lang.String) 0">
    <annotation name="androidx.annotation.StringDef">
      <val name="value" val="{com.instabug.chat.model.Attachment.AttachmentState.STATE_OFFLINE, com.instabug.chat.model.Attachment.AttachmentState.STATE_SYNCED, com.instabug.chat.model.Attachment.AttachmentState.STATE_NOT_AVAILABLE}" />
    </annotation>
  </item>
  <item name="com.instabug.chat.model.Attachment com.instabug.chat.model.Attachment setType(java.lang.String) 0">
    <annotation name="androidx.annotation.StringDef">
      <val name="value" val="{com.instabug.chat.model.Attachment.AttachmentType.TYPE_IMAGE, com.instabug.chat.model.Attachment.AttachmentType.TYPE_IMAGE_GALLERY, com.instabug.chat.model.Attachment.AttachmentType.TYPE_IMAGE_SCREENSHOT, com.instabug.chat.model.Attachment.AttachmentType.TYPE_VIDEO_RECORD, com.instabug.chat.model.Attachment.AttachmentType.TYPE_VIDEO_GALLERY, com.instabug.chat.model.Attachment.AttachmentType.TYPE_AUDIO, com.instabug.chat.model.Attachment.AttachmentType.TYPE_NOT_AVAILABLE}" />
    </annotation>
  </item>
  <item name="com.instabug.chat.model.Attachment java.lang.String getState()">
    <annotation name="androidx.annotation.StringDef">
      <val name="value" val="{com.instabug.chat.model.Attachment.AttachmentState.STATE_OFFLINE, com.instabug.chat.model.Attachment.AttachmentState.STATE_SYNCED, com.instabug.chat.model.Attachment.AttachmentState.STATE_NOT_AVAILABLE}" />
    </annotation>
  </item>
  <item name="com.instabug.chat.model.Attachment java.lang.String getType()">
    <annotation name="androidx.annotation.StringDef">
      <val name="value" val="{com.instabug.chat.model.Attachment.AttachmentType.TYPE_IMAGE, com.instabug.chat.model.Attachment.AttachmentType.TYPE_IMAGE_GALLERY, com.instabug.chat.model.Attachment.AttachmentType.TYPE_IMAGE_SCREENSHOT, com.instabug.chat.model.Attachment.AttachmentType.TYPE_VIDEO_RECORD, com.instabug.chat.model.Attachment.AttachmentType.TYPE_VIDEO_GALLERY, com.instabug.chat.model.Attachment.AttachmentType.TYPE_AUDIO, com.instabug.chat.model.Attachment.AttachmentType.TYPE_NOT_AVAILABLE}" />
    </annotation>
  </item>
  <item name="com.instabug.chat.model.Attachment state">
    <annotation name="androidx.annotation.StringDef">
      <val name="value" val="{com.instabug.chat.model.Attachment.AttachmentState.STATE_OFFLINE, com.instabug.chat.model.Attachment.AttachmentState.STATE_SYNCED, com.instabug.chat.model.Attachment.AttachmentState.STATE_NOT_AVAILABLE}" />
    </annotation>
  </item>
  <item name="com.instabug.chat.model.Attachment type">
    <annotation name="androidx.annotation.StringDef">
      <val name="value" val="{com.instabug.chat.model.Attachment.AttachmentType.TYPE_IMAGE, com.instabug.chat.model.Attachment.AttachmentType.TYPE_IMAGE_GALLERY, com.instabug.chat.model.Attachment.AttachmentType.TYPE_IMAGE_SCREENSHOT, com.instabug.chat.model.Attachment.AttachmentType.TYPE_VIDEO_RECORD, com.instabug.chat.model.Attachment.AttachmentType.TYPE_VIDEO_GALLERY, com.instabug.chat.model.Attachment.AttachmentType.TYPE_AUDIO, com.instabug.chat.model.Attachment.AttachmentType.TYPE_NOT_AVAILABLE}" />
    </annotation>
  </item>
  <item name="com.instabug.chat.model.Attachment.AttachmentState">
    <annotation name="androidx.annotation.StringDef">
      <val name="value" val="{com.instabug.chat.model.Attachment.AttachmentState.STATE_OFFLINE, com.instabug.chat.model.Attachment.AttachmentState.STATE_SYNCED, com.instabug.chat.model.Attachment.AttachmentState.STATE_NOT_AVAILABLE}" />
    </annotation>
  </item>
  <item name="com.instabug.chat.model.Attachment.AttachmentType">
    <annotation name="androidx.annotation.StringDef">
      <val name="value" val="{com.instabug.chat.model.Attachment.AttachmentType.TYPE_IMAGE, com.instabug.chat.model.Attachment.AttachmentType.TYPE_IMAGE_GALLERY, com.instabug.chat.model.Attachment.AttachmentType.TYPE_IMAGE_SCREENSHOT, com.instabug.chat.model.Attachment.AttachmentType.TYPE_VIDEO_RECORD, com.instabug.chat.model.Attachment.AttachmentType.TYPE_VIDEO_GALLERY, com.instabug.chat.model.Attachment.AttachmentType.TYPE_AUDIO, com.instabug.chat.model.Attachment.AttachmentType.TYPE_NOT_AVAILABLE}" />
    </annotation>
  </item>
</root>

