<?xml version="1.0" encoding="UTF-8"?>
<root>
  <item name="com.instabug.library.util.FileUtils int getFileType(java.io.File)">
    <annotation name="androidx.annotation.IntDef">
      <val name="value" val="{com.instabug.library.util.FileUtils.FileType.UNKNOWN, com.instabug.library.util.FileUtils.FileType.VIDEO, com.instabug.library.util.FileUtils.FileType.IMAGE, com.instabug.library.util.FileUtils.FileType.FOLDER}" />
    </annotation>
  </item>
  <item name="com.instabug.library.util.FileUtils int getTypeFromExtension(java.lang.String)">
    <annotation name="androidx.annotation.IntDef">
      <val name="value" val="{com.instabug.library.util.FileUtils.FileType.UNKNOWN, com.instabug.library.util.FileUtils.FileType.VIDEO, com.instabug.library.util.FileUtils.FileType.IMAGE, com.instabug.library.util.FileUtils.FileType.FOLDER}" />
    </annotation>
  </item>
  <item name="com.instabug.library.util.FileUtils.FileType">
    <annotation name="androidx.annotation.IntDef">
      <val name="value" val="{com.instabug.library.util.FileUtils.FileType.UNKNOWN, com.instabug.library.util.FileUtils.FileType.VIDEO, com.instabug.library.util.FileUtils.FileType.IMAGE, com.instabug.library.util.FileUtils.FileType.FOLDER}" />
    </annotation>
  </item>
  <item name="com.instabug.library.util.InstabugAnnotations.ScreenOrientation">
    <annotation name="androidx.annotation.IntDef">
      <val name="value" val="{android.content.pm.ActivityInfo.SCREEN_ORIENTATION_UNSPECIFIED, android.content.pm.ActivityInfo.SCREEN_ORIENTATION_LANDSCAPE, android.content.pm.ActivityInfo.SCREEN_ORIENTATION_PORTRAIT, android.content.pm.ActivityInfo.SCREEN_ORIENTATION_USER, android.content.pm.ActivityInfo.SCREEN_ORIENTATION_BEHIND, android.content.pm.ActivityInfo.SCREEN_ORIENTATION_SENSOR, android.content.pm.ActivityInfo.SCREEN_ORIENTATION_NOSENSOR, android.content.pm.ActivityInfo.SCREEN_ORIENTATION_SENSOR_LANDSCAPE, android.content.pm.ActivityInfo.SCREEN_ORIENTATION_SENSOR_PORTRAIT, android.content.pm.ActivityInfo.SCREEN_ORIENTATION_REVERSE_LANDSCAPE, android.content.pm.ActivityInfo.SCREEN_ORIENTATION_REVERSE_PORTRAIT, android.content.pm.ActivityInfo.SCREEN_ORIENTATION_FULL_SENSOR, android.content.pm.ActivityInfo.SCREEN_ORIENTATION_USER_LANDSCAPE, android.content.pm.ActivityInfo.SCREEN_ORIENTATION_USER_PORTRAIT, android.content.pm.ActivityInfo.SCREEN_ORIENTATION_FULL_USER, android.content.pm.ActivityInfo.SCREEN_ORIENTATION_LOCKED}" />
    </annotation>
  </item>
  <item name="com.instabug.library.util.InstabugDeprecationLogger java.lang.String getMigrationPageUrl(int) 0">
    <annotation name="androidx.annotation.IntDef">
      <val name="value" val="{com.instabug.library.util.InstabugDeprecationLogger.MigrationSection.METHOD_SHOW_CHATS, com.instabug.library.util.InstabugDeprecationLogger.MigrationSection.METHOD_SET_CHATS_STATE}" />
    </annotation>
  </item>
  <item name="com.instabug.library.util.InstabugDeprecationLogger java.lang.String getSection(int) 0">
    <annotation name="androidx.annotation.IntDef">
      <val name="value" val="{com.instabug.library.util.InstabugDeprecationLogger.MigrationSection.METHOD_SHOW_CHATS, com.instabug.library.util.InstabugDeprecationLogger.MigrationSection.METHOD_SET_CHATS_STATE}" />
    </annotation>
  </item>
  <item name="com.instabug.library.util.InstabugDeprecationLogger void log(int) 0">
    <annotation name="androidx.annotation.IntDef">
      <val name="value" val="{com.instabug.library.util.InstabugDeprecationLogger.MigrationSection.METHOD_SHOW_CHATS, com.instabug.library.util.InstabugDeprecationLogger.MigrationSection.METHOD_SET_CHATS_STATE}" />
    </annotation>
  </item>
  <item name="com.instabug.library.util.InstabugDeprecationLogger.MigrationSection">
    <annotation name="androidx.annotation.IntDef">
      <val name="value" val="{com.instabug.library.util.InstabugDeprecationLogger.MigrationSection.METHOD_SHOW_CHATS, com.instabug.library.util.InstabugDeprecationLogger.MigrationSection.METHOD_SET_CHATS_STATE}" />
    </annotation>
  </item>
  <item name="com.instabug.library.util.OrientationUtils int getOrientation(int)">
    <annotation name="androidx.annotation.IntDef">
      <val name="value" val="{android.content.pm.ActivityInfo.SCREEN_ORIENTATION_UNSPECIFIED, android.content.pm.ActivityInfo.SCREEN_ORIENTATION_LANDSCAPE, android.content.pm.ActivityInfo.SCREEN_ORIENTATION_PORTRAIT, android.content.pm.ActivityInfo.SCREEN_ORIENTATION_USER, android.content.pm.ActivityInfo.SCREEN_ORIENTATION_BEHIND, android.content.pm.ActivityInfo.SCREEN_ORIENTATION_SENSOR, android.content.pm.ActivityInfo.SCREEN_ORIENTATION_NOSENSOR, android.content.pm.ActivityInfo.SCREEN_ORIENTATION_SENSOR_LANDSCAPE, android.content.pm.ActivityInfo.SCREEN_ORIENTATION_SENSOR_PORTRAIT, android.content.pm.ActivityInfo.SCREEN_ORIENTATION_REVERSE_LANDSCAPE, android.content.pm.ActivityInfo.SCREEN_ORIENTATION_REVERSE_PORTRAIT, android.content.pm.ActivityInfo.SCREEN_ORIENTATION_FULL_SENSOR, android.content.pm.ActivityInfo.SCREEN_ORIENTATION_USER_LANDSCAPE, android.content.pm.ActivityInfo.SCREEN_ORIENTATION_USER_PORTRAIT, android.content.pm.ActivityInfo.SCREEN_ORIENTATION_FULL_USER, android.content.pm.ActivityInfo.SCREEN_ORIENTATION_LOCKED}" />
    </annotation>
  </item>
</root>

