<?xml version="1.0" encoding="UTF-8"?>
<root>
  <item name="com.instabug.library.ActionType">
    <annotation name="androidx.annotation.IntDef">
      <val name="flag" val="true" />
      <val name="value" val="{com.instabug.library.ActionType.ALL_ACTIONS, com.instabug.library.ActionType.REPORT_BUG, com.instabug.library.ActionType.REQUEST_NEW_FEATURE, com.instabug.library.ActionType.ADD_COMMENT_TO_FEATURE}" />
    </annotation>
  </item>
  <item name="com.instabug.library.Constants.NetworkParam">
    <annotation name="androidx.annotation.StringDef">
      <val name="value" val="{com.instabug.library.Constants.NetworkParam.APP_TOKEN, com.instabug.library.Constants.NetworkParam.UUID, com.instabug.library.Constants.NetworkParam.EMAIL}" />
    </annotation>
  </item>
  <item name="com.instabug.library.Instabug void setCurrentPlatform(int) 0">
    <annotation name="androidx.annotation.IntDef">
      <val name="value" val="{com.instabug.library.Platform.ANDROID, com.instabug.library.Platform.RN, com.instabug.library.Platform.XAMARIN, com.instabug.library.Platform.CORDOVA, com.instabug.library.Platform.UNITY, com.instabug.library.Platform.FLUTTER}" />
    </annotation>
  </item>
  <item name="com.instabug.library.Platform">
    <annotation name="androidx.annotation.IntDef">
      <val name="value" val="{com.instabug.library.Platform.ANDROID, com.instabug.library.Platform.RN, com.instabug.library.Platform.XAMARIN, com.instabug.library.Platform.CORDOVA, com.instabug.library.Platform.UNITY, com.instabug.library.Platform.FLUTTER}" />
    </annotation>
  </item>
</root>

