<?xml version="1.0" encoding="UTF-8"?>
<root>
  <item name="com.instabug.survey.announcements.models.Announcement assetsStatus">
    <annotation name="androidx.annotation.IntDef">
      <val name="value" val="{com.instabug.survey.announcements.models.Announcement.AnnouncementAssetsStatus.NOT_AVAILABLE, com.instabug.survey.announcements.models.Announcement.AnnouncementAssetsStatus.DOWNLOAD_SUCCEED, com.instabug.survey.announcements.models.Announcement.AnnouncementAssetsStatus.DOWNLOAD_FAILED}" />
    </annotation>
  </item>
  <item name="com.instabug.survey.announcements.models.Announcement int getType()">
    <annotation name="androidx.annotation.IntDef">
      <val name="value" val="{com.instabug.survey.announcements.models.AnnouncementType.WHAT_IS_NEW, com.instabug.survey.announcements.models.AnnouncementType.UPDATE_MSG}" />
    </annotation>
  </item>
  <item name="com.instabug.survey.announcements.models.Announcement void setType(int) 0">
    <annotation name="androidx.annotation.IntDef">
      <val name="value" val="{com.instabug.survey.announcements.models.AnnouncementType.WHAT_IS_NEW, com.instabug.survey.announcements.models.AnnouncementType.UPDATE_MSG}" />
    </annotation>
  </item>
  <item name="com.instabug.survey.announcements.models.Announcement.AnnouncementAssetsStatus">
    <annotation name="androidx.annotation.IntDef">
      <val name="value" val="{com.instabug.survey.announcements.models.Announcement.AnnouncementAssetsStatus.NOT_AVAILABLE, com.instabug.survey.announcements.models.Announcement.AnnouncementAssetsStatus.DOWNLOAD_SUCCEED, com.instabug.survey.announcements.models.Announcement.AnnouncementAssetsStatus.DOWNLOAD_FAILED}" />
    </annotation>
  </item>
  <item name="com.instabug.survey.announcements.models.AnnouncementItem type">
    <annotation name="androidx.annotation.IntDef">
      <val name="value" val="{com.instabug.survey.announcements.models.AnnouncementType.WHAT_IS_NEW, com.instabug.survey.announcements.models.AnnouncementType.UPDATE_MSG}" />
    </annotation>
  </item>
  <item name="com.instabug.survey.announcements.models.AnnouncementType">
    <annotation name="androidx.annotation.IntDef">
      <val name="value" val="{com.instabug.survey.announcements.models.AnnouncementType.WHAT_IS_NEW, com.instabug.survey.announcements.models.AnnouncementType.UPDATE_MSG}" />
    </annotation>
  </item>
</root>

