<?xml version="1.0" encoding="UTF-8"?>
<root>
  <item name="com.instabug.library.invocation.invocationdialog.InstabugDialogItem int getIdentifier()">
    <annotation name="androidx.annotation.IntDef">
      <val name="value" val="{com.instabug.library.core.plugin.PluginPromptOption.PromptOptionIdentifier.BUG_REPORT, com.instabug.library.core.plugin.PluginPromptOption.PromptOptionIdentifier.FEEDBACK, com.instabug.library.core.plugin.PluginPromptOption.PromptOptionIdentifier.CHAT_LIST, com.instabug.library.core.plugin.PluginPromptOption.PromptOptionIdentifier.ASK_QUESTION, com.instabug.library.core.plugin.PluginPromptOption.PromptOptionIdentifier.FEATURE_REQUEST}" />
    </annotation>
  </item>
  <item name="com.instabug.library.invocation.invocationdialog.InstabugDialogItem void setIdentifier(int) 0">
    <annotation name="androidx.annotation.IntDef">
      <val name="value" val="{com.instabug.library.core.plugin.PluginPromptOption.PromptOptionIdentifier.BUG_REPORT, com.instabug.library.core.plugin.PluginPromptOption.PromptOptionIdentifier.FEEDBACK, com.instabug.library.core.plugin.PluginPromptOption.PromptOptionIdentifier.CHAT_LIST, com.instabug.library.core.plugin.PluginPromptOption.PromptOptionIdentifier.ASK_QUESTION, com.instabug.library.core.plugin.PluginPromptOption.PromptOptionIdentifier.FEATURE_REQUEST}" />
    </annotation>
  </item>
</root>

