<?xml version="1.0" encoding="UTF-8"?>
<root>
  <item name="com.instabug.library.invocation.InvocationManager void forceInvoke(int) 0">
    <annotation name="androidx.annotation.IntDef">
      <val name="value" val="{com.instabug.library.invocation.InvocationMode.PROMPT_OPTIONS, com.instabug.library.invocation.InvocationMode.NEW_BUG, com.instabug.library.invocation.InvocationMode.NEW_FEEDBACK, com.instabug.library.invocation.InvocationMode.ASK_QUESTION, com.instabug.library.invocation.InvocationMode.CHATS, com.instabug.library.invocation.InvocationMode.FEATURE_REQUESTS, com.instabug.library.invocation.InvocationMode.UNDEFINED}" />
    </annotation>
  </item>
  <item name="com.instabug.library.invocation.InvocationManager void invoke(int) 0">
    <annotation name="androidx.annotation.IntDef">
      <val name="value" val="{com.instabug.library.invocation.InvocationMode.PROMPT_OPTIONS, com.instabug.library.invocation.InvocationMode.NEW_BUG, com.instabug.library.invocation.InvocationMode.NEW_FEEDBACK, com.instabug.library.invocation.InvocationMode.ASK_QUESTION, com.instabug.library.invocation.InvocationMode.CHATS, com.instabug.library.invocation.InvocationMode.FEATURE_REQUESTS, com.instabug.library.invocation.InvocationMode.UNDEFINED}" />
    </annotation>
  </item>
  <item name="com.instabug.library.invocation.InvocationMode">
    <annotation name="androidx.annotation.IntDef">
      <val name="value" val="{com.instabug.library.invocation.InvocationMode.PROMPT_OPTIONS, com.instabug.library.invocation.InvocationMode.NEW_BUG, com.instabug.library.invocation.InvocationMode.NEW_FEEDBACK, com.instabug.library.invocation.InvocationMode.ASK_QUESTION, com.instabug.library.invocation.InvocationMode.CHATS, com.instabug.library.invocation.InvocationMode.FEATURE_REQUESTS, com.instabug.library.invocation.InvocationMode.UNDEFINED}" />
    </annotation>
  </item>
  <item name="com.instabug.library.invocation.InvocationRequestListenerImp int getInvocationMode()">
    <annotation name="androidx.annotation.IntDef">
      <val name="value" val="{com.instabug.library.invocation.InvocationMode.PROMPT_OPTIONS, com.instabug.library.invocation.InvocationMode.NEW_BUG, com.instabug.library.invocation.InvocationMode.NEW_FEEDBACK, com.instabug.library.invocation.InvocationMode.ASK_QUESTION, com.instabug.library.invocation.InvocationMode.CHATS, com.instabug.library.invocation.InvocationMode.FEATURE_REQUESTS, com.instabug.library.invocation.InvocationMode.UNDEFINED}" />
    </annotation>
  </item>
  <item name="com.instabug.library.invocation.InvocationRequestListenerImp void forceInvoke(int) 0">
    <annotation name="androidx.annotation.IntDef">
      <val name="value" val="{com.instabug.library.invocation.InvocationMode.PROMPT_OPTIONS, com.instabug.library.invocation.InvocationMode.NEW_BUG, com.instabug.library.invocation.InvocationMode.NEW_FEEDBACK, com.instabug.library.invocation.InvocationMode.ASK_QUESTION, com.instabug.library.invocation.InvocationMode.CHATS, com.instabug.library.invocation.InvocationMode.FEATURE_REQUESTS, com.instabug.library.invocation.InvocationMode.UNDEFINED}" />
    </annotation>
  </item>
  <item name="com.instabug.library.invocation.InvocationRequestListenerImp void invokeWithMode(int) 0">
    <annotation name="androidx.annotation.IntDef">
      <val name="value" val="{com.instabug.library.invocation.InvocationMode.PROMPT_OPTIONS, com.instabug.library.invocation.InvocationMode.NEW_BUG, com.instabug.library.invocation.InvocationMode.NEW_FEEDBACK, com.instabug.library.invocation.InvocationMode.ASK_QUESTION, com.instabug.library.invocation.InvocationMode.CHATS, com.instabug.library.invocation.InvocationMode.FEATURE_REQUESTS, com.instabug.library.invocation.InvocationMode.UNDEFINED}" />
    </annotation>
  </item>
  <item name="com.instabug.library.invocation.InvocationRequestListenerImp void invokeWithoutScreenshot(int) 0">
    <annotation name="androidx.annotation.IntDef">
      <val name="value" val="{com.instabug.library.core.plugin.PluginPromptOption.PromptOptionIdentifier.BUG_REPORT, com.instabug.library.core.plugin.PluginPromptOption.PromptOptionIdentifier.FEEDBACK, com.instabug.library.core.plugin.PluginPromptOption.PromptOptionIdentifier.CHAT_LIST, com.instabug.library.core.plugin.PluginPromptOption.PromptOptionIdentifier.ASK_QUESTION, com.instabug.library.core.plugin.PluginPromptOption.PromptOptionIdentifier.FEATURE_REQUEST}" />
    </annotation>
  </item>
</root>

