<?xml version="1.0" encoding="UTF-8"?>
<root>
  <item name="com.instabug.survey.common.models.Condition com.instabug.survey.common.models.Condition setKey(java.lang.String) 0">
    <annotation name="androidx.annotation.StringDef">
      <val name="value" val="{com.instabug.survey.utils.TargetingCondition.APP_VERSION, com.instabug.survey.utils.TargetingCondition.APP_VERSION_V2, com.instabug.survey.utils.TargetingCondition.DATE, com.instabug.survey.utils.TargetingCondition.USER_EMAIL, com.instabug.survey.utils.TargetingCondition.DAYS_SINCE_DISMISS, com.instabug.survey.utils.TargetingCondition.SESSION_COUNT, com.instabug.survey.utils.TargetingCondition.DAYS_SINCE_SIGN_UP, com.instabug.survey.utils.TargetingCondition.COUNTRY, com.instabug.survey.utils.TargetingCondition.LAST_SEEN, com.instabug.survey.utils.TargetingCondition.OS_API_LEVEL}" />
    </annotation>
  </item>
  <item name="com.instabug.survey.common.models.Condition com.instabug.survey.common.models.Condition setOperator(java.lang.String) 0">
    <annotation name="androidx.annotation.StringDef">
      <val name="value" val="{com.instabug.survey.utils.TargetingOperator.EQUAL, com.instabug.survey.utils.TargetingOperator.NOT_EQUAL, com.instabug.survey.utils.TargetingOperator.GREATER_THAN, com.instabug.survey.utils.TargetingOperator.LESS_THAN, com.instabug.survey.utils.TargetingOperator.CONTAINS, com.instabug.survey.utils.TargetingOperator.NOT_CONTAINS, com.instabug.survey.utils.TargetingOperator.AND, com.instabug.survey.utils.TargetingOperator.OR}" />
    </annotation>
  </item>
  <item name="com.instabug.survey.common.models.Condition java.lang.String getKey()">
    <annotation name="androidx.annotation.StringDef">
      <val name="value" val="{com.instabug.survey.utils.TargetingCondition.APP_VERSION, com.instabug.survey.utils.TargetingCondition.APP_VERSION_V2, com.instabug.survey.utils.TargetingCondition.DATE, com.instabug.survey.utils.TargetingCondition.USER_EMAIL, com.instabug.survey.utils.TargetingCondition.DAYS_SINCE_DISMISS, com.instabug.survey.utils.TargetingCondition.SESSION_COUNT, com.instabug.survey.utils.TargetingCondition.DAYS_SINCE_SIGN_UP, com.instabug.survey.utils.TargetingCondition.COUNTRY, com.instabug.survey.utils.TargetingCondition.LAST_SEEN, com.instabug.survey.utils.TargetingCondition.OS_API_LEVEL}" />
    </annotation>
  </item>
  <item name="com.instabug.survey.common.models.Condition java.lang.String getOperator()">
    <annotation name="androidx.annotation.StringDef">
      <val name="value" val="{com.instabug.survey.utils.TargetingOperator.EQUAL, com.instabug.survey.utils.TargetingOperator.NOT_EQUAL, com.instabug.survey.utils.TargetingOperator.GREATER_THAN, com.instabug.survey.utils.TargetingOperator.LESS_THAN, com.instabug.survey.utils.TargetingOperator.CONTAINS, com.instabug.survey.utils.TargetingOperator.NOT_CONTAINS, com.instabug.survey.utils.TargetingOperator.AND, com.instabug.survey.utils.TargetingOperator.OR}" />
    </annotation>
  </item>
  <item name="com.instabug.survey.common.models.Frequency int getType()">
    <annotation name="androidx.annotation.IntDef">
      <val name="value" val="{com.instabug.survey.common.models.Frequency.Type.SHOW_ONCE, com.instabug.survey.common.models.Frequency.Type.SHOW_WITH_INTERVAL, com.instabug.survey.common.models.Frequency.Type.SHOW_EVERY_TIME}" />
    </annotation>
  </item>
  <item name="com.instabug.survey.common.models.Frequency type">
    <annotation name="androidx.annotation.IntDef">
      <val name="value" val="{com.instabug.survey.common.models.Frequency.Type.SHOW_ONCE, com.instabug.survey.common.models.Frequency.Type.SHOW_WITH_INTERVAL, com.instabug.survey.common.models.Frequency.Type.SHOW_EVERY_TIME}" />
    </annotation>
  </item>
  <item name="com.instabug.survey.common.models.Frequency void setType(int) 0">
    <annotation name="androidx.annotation.IntDef">
      <val name="value" val="{com.instabug.survey.common.models.Frequency.Type.SHOW_ONCE, com.instabug.survey.common.models.Frequency.Type.SHOW_WITH_INTERVAL, com.instabug.survey.common.models.Frequency.Type.SHOW_EVERY_TIME}" />
    </annotation>
  </item>
  <item name="com.instabug.survey.common.models.Frequency.Type">
    <annotation name="androidx.annotation.IntDef">
      <val name="value" val="{com.instabug.survey.common.models.Frequency.Type.SHOW_ONCE, com.instabug.survey.common.models.Frequency.Type.SHOW_WITH_INTERVAL, com.instabug.survey.common.models.Frequency.Type.SHOW_EVERY_TIME}" />
    </annotation>
  </item>
  <item name="com.instabug.survey.common.models.Trigger int getTriggerStatus()">
    <annotation name="androidx.annotation.IntDef">
      <val name="value" val="{com.instabug.survey.common.models.Trigger.TriggerStatus.TRIGGER_PENDING, com.instabug.survey.common.models.Trigger.TriggerStatus.TRIGGER_READY}" />
    </annotation>
  </item>
  <item name="com.instabug.survey.common.models.Trigger triggerStatus">
    <annotation name="androidx.annotation.IntDef">
      <val name="value" val="{com.instabug.survey.common.models.Trigger.TriggerStatus.TRIGGER_PENDING, com.instabug.survey.common.models.Trigger.TriggerStatus.TRIGGER_READY}" />
    </annotation>
  </item>
  <item name="com.instabug.survey.common.models.Trigger void setTriggerStatus(int) 0">
    <annotation name="androidx.annotation.IntDef">
      <val name="value" val="{com.instabug.survey.common.models.Trigger.TriggerStatus.TRIGGER_PENDING, com.instabug.survey.common.models.Trigger.TriggerStatus.TRIGGER_READY}" />
    </annotation>
  </item>
  <item name="com.instabug.survey.common.models.Trigger.TriggerStatus">
    <annotation name="androidx.annotation.IntDef">
      <val name="value" val="{com.instabug.survey.common.models.Trigger.TriggerStatus.TRIGGER_PENDING, com.instabug.survey.common.models.Trigger.TriggerStatus.TRIGGER_READY}" />
    </annotation>
  </item>
  <item name="com.instabug.survey.common.models.UserInteraction UserInteraction(int) 0">
    <annotation name="androidx.annotation.IntDef">
      <val name="value" val="{com.instabug.survey.models.UserInteractionOnTypes.SURVEY, com.instabug.survey.models.UserInteractionOnTypes.ANNOUNCEMENT}" />
    </annotation>
  </item>
  <item name="com.instabug.survey.common.models.UserInteraction actionOnType">
    <annotation name="androidx.annotation.IntDef">
      <val name="value" val="{com.instabug.survey.models.UserInteractionOnTypes.SURVEY, com.instabug.survey.models.UserInteractionOnTypes.ANNOUNCEMENT}" />
    </annotation>
  </item>
  <item name="com.instabug.survey.common.models.UserInteraction void setActionOnType(int) 0">
    <annotation name="androidx.annotation.IntDef">
      <val name="value" val="{com.instabug.survey.models.UserInteractionOnTypes.SURVEY, com.instabug.survey.models.UserInteractionOnTypes.ANNOUNCEMENT}" />
    </annotation>
  </item>
</root>

