<?xml version="1.0" encoding="UTF-8"?>
<root>
  <item name="com.instabug.survey.models.Question int getType()">
    <annotation name="androidx.annotation.IntDef">
      <val name="value" val="{com.instabug.survey.models.Question.Type.TEXT, com.instabug.survey.models.Question.Type.MCQ, com.instabug.survey.models.Question.Type.STAR_RATE, com.instabug.survey.models.Question.Type.NPS, com.instabug.survey.models.Question.Type.STORE_RATING, com.instabug.survey.models.Question.Type.POP_UP, com.instabug.survey.models.Question.Type.NOT_AVAILABLE}" />
    </annotation>
  </item>
  <item name="com.instabug.survey.models.Question type">
    <annotation name="androidx.annotation.IntDef">
      <val name="value" val="{com.instabug.survey.models.Question.Type.TEXT, com.instabug.survey.models.Question.Type.MCQ, com.instabug.survey.models.Question.Type.STAR_RATE, com.instabug.survey.models.Question.Type.NPS, com.instabug.survey.models.Question.Type.STORE_RATING, com.instabug.survey.models.Question.Type.POP_UP, com.instabug.survey.models.Question.Type.NOT_AVAILABLE}" />
    </annotation>
  </item>
  <item name="com.instabug.survey.models.Question void setType(int) 0">
    <annotation name="androidx.annotation.IntDef">
      <val name="value" val="{com.instabug.survey.models.Question.Type.TEXT, com.instabug.survey.models.Question.Type.MCQ, com.instabug.survey.models.Question.Type.STAR_RATE, com.instabug.survey.models.Question.Type.NPS, com.instabug.survey.models.Question.Type.STORE_RATING, com.instabug.survey.models.Question.Type.POP_UP, com.instabug.survey.models.Question.Type.NOT_AVAILABLE}" />
    </annotation>
  </item>
  <item name="com.instabug.survey.models.Question.Type">
    <annotation name="androidx.annotation.IntDef">
      <val name="value" val="{com.instabug.survey.models.Question.Type.TEXT, com.instabug.survey.models.Question.Type.MCQ, com.instabug.survey.models.Question.Type.STAR_RATE, com.instabug.survey.models.Question.Type.NPS, com.instabug.survey.models.Question.Type.STORE_RATING, com.instabug.survey.models.Question.Type.POP_UP, com.instabug.survey.models.Question.Type.NOT_AVAILABLE}" />
    </annotation>
  </item>
  <item name="com.instabug.survey.models.Survey int getType()">
    <annotation name="androidx.annotation.IntDef">
      <val name="value" val="{com.instabug.survey.models.SurveyTypes.CUSTOM, com.instabug.survey.models.SurveyTypes.NPS, com.instabug.survey.models.SurveyTypes.STORE_RATING}" />
    </annotation>
  </item>
  <item name="com.instabug.survey.models.Survey type">
    <annotation name="androidx.annotation.IntDef">
      <val name="value" val="{com.instabug.survey.models.SurveyTypes.CUSTOM, com.instabug.survey.models.SurveyTypes.NPS, com.instabug.survey.models.SurveyTypes.STORE_RATING}" />
    </annotation>
  </item>
  <item name="com.instabug.survey.models.Survey void setType(int) 0">
    <annotation name="androidx.annotation.IntDef">
      <val name="value" val="{com.instabug.survey.models.SurveyTypes.CUSTOM, com.instabug.survey.models.SurveyTypes.NPS, com.instabug.survey.models.SurveyTypes.STORE_RATING}" />
    </annotation>
  </item>
  <item name="com.instabug.survey.models.SurveyTypes">
    <annotation name="androidx.annotation.IntDef">
      <val name="value" val="{com.instabug.survey.models.SurveyTypes.CUSTOM, com.instabug.survey.models.SurveyTypes.NPS, com.instabug.survey.models.SurveyTypes.STORE_RATING}" />
    </annotation>
  </item>
  <item name="com.instabug.survey.models.ThankYouItem responseScoreType">
    <annotation name="androidx.annotation.StringDef">
      <val name="value" val="{com.instabug.survey.models.ThankYouItem.UserActionClass.PROMOTER, com.instabug.survey.models.ThankYouItem.UserActionClass.PASSIVE, com.instabug.survey.models.ThankYouItem.UserActionClass.DETRACTOR}" />
    </annotation>
  </item>
  <item name="com.instabug.survey.models.ThankYouItem.UserActionClass">
    <annotation name="androidx.annotation.StringDef">
      <val name="value" val="{com.instabug.survey.models.ThankYouItem.UserActionClass.PROMOTER, com.instabug.survey.models.ThankYouItem.UserActionClass.PASSIVE, com.instabug.survey.models.ThankYouItem.UserActionClass.DETRACTOR}" />
    </annotation>
  </item>
  <item name="com.instabug.survey.models.UserInteractionOnTypes">
    <annotation name="androidx.annotation.IntDef">
      <val name="value" val="{com.instabug.survey.models.UserInteractionOnTypes.SURVEY, com.instabug.survey.models.UserInteractionOnTypes.ANNOUNCEMENT}" />
    </annotation>
  </item>
</root>

