<?xml version="1.0" encoding="UTF-8"?>
<root>
  <item name="com.instabug.library.tracking.InstabugTrackingStepsProvider com.instabug.library.model.UserTrackingStep createTrackingStep(java.lang.String) 0">
    <annotation name="androidx.annotation.StringDef">
      <val name="value" val="{com.instabug.library.model.StepType.UNKNOWN, com.instabug.library.model.StepType.APPLICATION_CREATED, com.instabug.library.model.StepType.ACTIVITY_CREATED, com.instabug.library.model.StepType.ACTIVITY_STARTED, com.instabug.library.model.StepType.ACTIVITY_RESUMED, com.instabug.library.model.StepType.ACTIVITY_PAUSED, com.instabug.library.model.StepType.ACTIVITY_STOPPED, com.instabug.library.model.StepType.ACTIVITY_DESTROYED, com.instabug.library.model.StepType.OPEN_DIALOG, com.instabug.library.model.StepType.FRAGMENT_ATTACHED, com.instabug.library.model.StepType.FRAGMENT_VIEW_CREATED, com.instabug.library.model.StepType.FRAGMENT_STARTED, com.instabug.library.model.StepType.FRAGMENT_RESUMED, com.instabug.library.model.StepType.FRAGMENT_PAUSED, com.instabug.library.model.StepType.FRAGMENT_STOPPED, com.instabug.library.model.StepType.FRAGMENT_DETACHED, com.instabug.library.model.StepType.FRAGMENT_VISIBILITY_CHANGED, com.instabug.library.model.StepType.SHAKE, com.instabug.library.model.StepType.TAP, com.instabug.library.model.StepType.DOUBLE_TAP, com.instabug.library.model.StepType.LONG_PRESS, com.instabug.library.model.StepType.FLING, com.instabug.library.model.StepType.SCROLL, com.instabug.library.model.StepType.SWIPE, com.instabug.library.model.StepType.PINCH, com.instabug.library.model.StepType.APPLICATION_BACKGROUND, com.instabug.library.model.StepType.APPLICATION_FOREGROUND, com.instabug.library.model.StepType.ENABLE, com.instabug.library.model.StepType.DISABLE, com.instabug.library.model.StepType.START_EDITING, com.instabug.library.model.StepType.END_EDITING, com.instabug.library.model.StepType.MOVE, com.instabug.library.model.StepType.TAB_SELECT, com.instabug.library.model.StepType.DIALOG_FRAGMENT_RESUMED}" />
    </annotation>
  </item>
  <item name="com.instabug.library.tracking.InstabugTrackingStepsProvider void addActivityLifecycleStep(java.lang.String, java.lang.String) 1">
    <annotation name="androidx.annotation.StringDef">
      <val name="value" val="{com.instabug.library.model.StepType.UNKNOWN, com.instabug.library.model.StepType.APPLICATION_CREATED, com.instabug.library.model.StepType.ACTIVITY_CREATED, com.instabug.library.model.StepType.ACTIVITY_STARTED, com.instabug.library.model.StepType.ACTIVITY_RESUMED, com.instabug.library.model.StepType.ACTIVITY_PAUSED, com.instabug.library.model.StepType.ACTIVITY_STOPPED, com.instabug.library.model.StepType.ACTIVITY_DESTROYED, com.instabug.library.model.StepType.OPEN_DIALOG, com.instabug.library.model.StepType.FRAGMENT_ATTACHED, com.instabug.library.model.StepType.FRAGMENT_VIEW_CREATED, com.instabug.library.model.StepType.FRAGMENT_STARTED, com.instabug.library.model.StepType.FRAGMENT_RESUMED, com.instabug.library.model.StepType.FRAGMENT_PAUSED, com.instabug.library.model.StepType.FRAGMENT_STOPPED, com.instabug.library.model.StepType.FRAGMENT_DETACHED, com.instabug.library.model.StepType.FRAGMENT_VISIBILITY_CHANGED, com.instabug.library.model.StepType.SHAKE, com.instabug.library.model.StepType.TAP, com.instabug.library.model.StepType.DOUBLE_TAP, com.instabug.library.model.StepType.LONG_PRESS, com.instabug.library.model.StepType.FLING, com.instabug.library.model.StepType.SCROLL, com.instabug.library.model.StepType.SWIPE, com.instabug.library.model.StepType.PINCH, com.instabug.library.model.StepType.APPLICATION_BACKGROUND, com.instabug.library.model.StepType.APPLICATION_FOREGROUND, com.instabug.library.model.StepType.ENABLE, com.instabug.library.model.StepType.DISABLE, com.instabug.library.model.StepType.START_EDITING, com.instabug.library.model.StepType.END_EDITING, com.instabug.library.model.StepType.MOVE, com.instabug.library.model.StepType.TAB_SELECT, com.instabug.library.model.StepType.DIALOG_FRAGMENT_RESUMED}" />
    </annotation>
  </item>
  <item name="com.instabug.library.tracking.InstabugTrackingStepsProvider void addFragmentLifecycleStep(java.lang.String, java.lang.String, java.lang.String) 2">
    <annotation name="androidx.annotation.StringDef">
      <val name="value" val="{com.instabug.library.model.StepType.UNKNOWN, com.instabug.library.model.StepType.APPLICATION_CREATED, com.instabug.library.model.StepType.ACTIVITY_CREATED, com.instabug.library.model.StepType.ACTIVITY_STARTED, com.instabug.library.model.StepType.ACTIVITY_RESUMED, com.instabug.library.model.StepType.ACTIVITY_PAUSED, com.instabug.library.model.StepType.ACTIVITY_STOPPED, com.instabug.library.model.StepType.ACTIVITY_DESTROYED, com.instabug.library.model.StepType.OPEN_DIALOG, com.instabug.library.model.StepType.FRAGMENT_ATTACHED, com.instabug.library.model.StepType.FRAGMENT_VIEW_CREATED, com.instabug.library.model.StepType.FRAGMENT_STARTED, com.instabug.library.model.StepType.FRAGMENT_RESUMED, com.instabug.library.model.StepType.FRAGMENT_PAUSED, com.instabug.library.model.StepType.FRAGMENT_STOPPED, com.instabug.library.model.StepType.FRAGMENT_DETACHED, com.instabug.library.model.StepType.FRAGMENT_VISIBILITY_CHANGED, com.instabug.library.model.StepType.SHAKE, com.instabug.library.model.StepType.TAP, com.instabug.library.model.StepType.DOUBLE_TAP, com.instabug.library.model.StepType.LONG_PRESS, com.instabug.library.model.StepType.FLING, com.instabug.library.model.StepType.SCROLL, com.instabug.library.model.StepType.SWIPE, com.instabug.library.model.StepType.PINCH, com.instabug.library.model.StepType.APPLICATION_BACKGROUND, com.instabug.library.model.StepType.APPLICATION_FOREGROUND, com.instabug.library.model.StepType.ENABLE, com.instabug.library.model.StepType.DISABLE, com.instabug.library.model.StepType.START_EDITING, com.instabug.library.model.StepType.END_EDITING, com.instabug.library.model.StepType.MOVE, com.instabug.library.model.StepType.TAB_SELECT, com.instabug.library.model.StepType.DIALOG_FRAGMENT_RESUMED}" />
    </annotation>
  </item>
  <item name="com.instabug.library.tracking.InstabugTrackingStepsProvider void addFragmentLifecycleStep(java.lang.String, java.lang.String, java.lang.String, java.lang.String) 3">
    <annotation name="androidx.annotation.StringDef">
      <val name="value" val="{com.instabug.library.model.StepType.UNKNOWN, com.instabug.library.model.StepType.APPLICATION_CREATED, com.instabug.library.model.StepType.ACTIVITY_CREATED, com.instabug.library.model.StepType.ACTIVITY_STARTED, com.instabug.library.model.StepType.ACTIVITY_RESUMED, com.instabug.library.model.StepType.ACTIVITY_PAUSED, com.instabug.library.model.StepType.ACTIVITY_STOPPED, com.instabug.library.model.StepType.ACTIVITY_DESTROYED, com.instabug.library.model.StepType.OPEN_DIALOG, com.instabug.library.model.StepType.FRAGMENT_ATTACHED, com.instabug.library.model.StepType.FRAGMENT_VIEW_CREATED, com.instabug.library.model.StepType.FRAGMENT_STARTED, com.instabug.library.model.StepType.FRAGMENT_RESUMED, com.instabug.library.model.StepType.FRAGMENT_PAUSED, com.instabug.library.model.StepType.FRAGMENT_STOPPED, com.instabug.library.model.StepType.FRAGMENT_DETACHED, com.instabug.library.model.StepType.FRAGMENT_VISIBILITY_CHANGED, com.instabug.library.model.StepType.SHAKE, com.instabug.library.model.StepType.TAP, com.instabug.library.model.StepType.DOUBLE_TAP, com.instabug.library.model.StepType.LONG_PRESS, com.instabug.library.model.StepType.FLING, com.instabug.library.model.StepType.SCROLL, com.instabug.library.model.StepType.SWIPE, com.instabug.library.model.StepType.PINCH, com.instabug.library.model.StepType.APPLICATION_BACKGROUND, com.instabug.library.model.StepType.APPLICATION_FOREGROUND, com.instabug.library.model.StepType.ENABLE, com.instabug.library.model.StepType.DISABLE, com.instabug.library.model.StepType.START_EDITING, com.instabug.library.model.StepType.END_EDITING, com.instabug.library.model.StepType.MOVE, com.instabug.library.model.StepType.TAB_SELECT, com.instabug.library.model.StepType.DIALOG_FRAGMENT_RESUMED}" />
    </annotation>
  </item>
  <item name="com.instabug.library.tracking.InstabugTrackingStepsProvider void addViewTouchStep(java.lang.String, java.lang.String, java.lang.String, java.lang.String, java.lang.String) 0">
    <annotation name="androidx.annotation.StringDef">
      <val name="value" val="{com.instabug.library.model.StepType.UNKNOWN, com.instabug.library.model.StepType.APPLICATION_CREATED, com.instabug.library.model.StepType.ACTIVITY_CREATED, com.instabug.library.model.StepType.ACTIVITY_STARTED, com.instabug.library.model.StepType.ACTIVITY_RESUMED, com.instabug.library.model.StepType.ACTIVITY_PAUSED, com.instabug.library.model.StepType.ACTIVITY_STOPPED, com.instabug.library.model.StepType.ACTIVITY_DESTROYED, com.instabug.library.model.StepType.OPEN_DIALOG, com.instabug.library.model.StepType.FRAGMENT_ATTACHED, com.instabug.library.model.StepType.FRAGMENT_VIEW_CREATED, com.instabug.library.model.StepType.FRAGMENT_STARTED, com.instabug.library.model.StepType.FRAGMENT_RESUMED, com.instabug.library.model.StepType.FRAGMENT_PAUSED, com.instabug.library.model.StepType.FRAGMENT_STOPPED, com.instabug.library.model.StepType.FRAGMENT_DETACHED, com.instabug.library.model.StepType.FRAGMENT_VISIBILITY_CHANGED, com.instabug.library.model.StepType.SHAKE, com.instabug.library.model.StepType.TAP, com.instabug.library.model.StepType.DOUBLE_TAP, com.instabug.library.model.StepType.LONG_PRESS, com.instabug.library.model.StepType.FLING, com.instabug.library.model.StepType.SCROLL, com.instabug.library.model.StepType.SWIPE, com.instabug.library.model.StepType.PINCH, com.instabug.library.model.StepType.APPLICATION_BACKGROUND, com.instabug.library.model.StepType.APPLICATION_FOREGROUND, com.instabug.library.model.StepType.ENABLE, com.instabug.library.model.StepType.DISABLE, com.instabug.library.model.StepType.START_EDITING, com.instabug.library.model.StepType.END_EDITING, com.instabug.library.model.StepType.MOVE, com.instabug.library.model.StepType.TAB_SELECT, com.instabug.library.model.StepType.DIALOG_FRAGMENT_RESUMED}" />
    </annotation>
  </item>
</root>

